[
  {
    "_id": 1,
	 "title": "John Doe",
    "lastMessageDate": "30-06-2015",
	 "lastMessageText" : "Ok, see you later",
	 "participantsProfiles" : [{"id":1, "name":"James"}, {"id":2, "name":"Sarah"}]
  },
  {
    "_id": 3,
	 "title": "Jane Doe",
    "lastMessageDate": "30-06-2015",
	 "lastMessageText" : "Ok, see you later",
	 "participantsProfiles" : [{"id":1, "name":"James"}, {"id":2, "name":"Sarah"}]
  },
  {
    "_id": 7,
	 "title": null,
    "lastMessageDate": "30-06-2015",
	 "lastMessageText" : "Hey, how's it going?",
	 "participantsProfiles" : [{"id":1, "name":"James"}, {"id":2, "name":"Sarah"}]
  },
  {
    "_id": 10,
	 "title": null,
    "lastMessageDate": "30-06-2015",
	 "lastMessageText" : "Oh, shut up you.",
	 "participantsProfiles" : [{"id":1, "name":"James"}]
  },
  {
    "_id": 12,
	 "title": "Jody Joe",
    "lastMessageDate": "30-06-2015",
	 "lastMessageText" : "Ohokey Kokey",
	 "participantsProfiles" : [{"id":1, "name":"James"}, {"id":2, "name":"Sarah"}]
  }
]