[
  {
    "_id": 1,
    "dateTime": "30-06-2015",
    "type" : "Offer Request",
    "_relatedItemId" : [{"id":1}]
  },
  {
    "_id": 3,
    "dateTime": "30-06-2015",
    "type" : "Taxi Booking Request",
    "_relatedItemId" : [{"id":1}]
  },
  {
    "_id": 5,
    "dateTime": "30-06-2015",
    "type" : "Follower Event",
    "_relatedItemId" : [{"id":1}]
  },
  {
    "_id": 7,
    "dateTime": "30-06-2015",
    "type" : "Offer Confirmation",
    "_relatedItemId" : [{"id":2}]
  }
]