[
  {
    "_id": 1,
    "description": "Nice Little offer and etc etc, buy one drink get one free or something.",
    "_placeId": 1,
	 "catName": "Drinks Deals (Drinks)",
	 "todayOrFuture": "Today",
	 "businessName": "Bedford Club",
	 "isFeature": 1
  },
  {
    "_id": 2,
    "description": "Blah Blah Bah and etc etc, buy one drink get one free or something.",
	 "catName": "Club/Venue Entry Deals (Entry)",
	 "todayOrFuture": "Future",
	 "businessName": "Bedford Club",
	 "isFeature": 1
  },
  {
    "_id": 6,
    "description": "Nice Little offer and etc etc, buy one drink get one free or something.",
    "_placeId": 1,
	 "catName": "Drinks Deals (Drinks)",
	 "todayOrFuture": "Today",
	 "businessName": "Bedford Club",
	 "isFeature": 1
  },
  {
    "_id": 3,
    "description": "Blah Blah and etc etc, buy one drink get one free or something.",
	 "catName": "Takeaway Deals (Food)",
	 "todayOrFuture": "Today",
	 "businessName": "Bedford Club",
	 "isFeature": 0
  },
  {
    "_id": 4,
    "description": "Town restaurant and etc etc, buy one drink get one free or something.",
	 "catName": "Restaurant Deals (Food)",
	 "todayOrFuture": "Future",
	 "businessName": "Bedford Club",
	 "isFeature": 0
  },
  {
    "_id": 5,
    "description": "Music Something and etc etc, buy one drink get one free or something.",
	 "catName": "All",
	 "todayOrFuture": "Future",
	 "businessName": "Luton Something",
	 "isFeature": 1
  }
]